query.name	flag	ref.name	ref.pos	mapq	cigar	mate.ref	mate.pos	template.length	seq	quality					
seq2	0	mini1	2	0	75M	*	0	0	GGATATGGACCTCTCTAGCAAGCATGTGACTCAAATGGTGGGCCAATATACGTCCTCCTTGCTTGAAAACGTGGG	CCCCCCCCCCCCCCCCCCCCCCCCCCCCCCCCCCCCCCCCCCCCCCCCCCCCCCCCCCCCCCCCCCCCCCCCCCC	NM:i:0	MD:Z:75	AS:i:75	XS:i:75	"XA:Z:mini1,+1001002,75M,0;"
seq3	0	mini1	3	0	75M	*	0	0	GATATGGACCTCTCTAGCAAGCATGTGACTCAAATGGTGGGCCAATATACGTCCTCCTTGCTTGAAAACGTGGGC	CCCCCCCCCCCCCCCCCCCCCCCCCCCCCCCCCCCCCCCCCCCCCCCCCCCCCCCCCCCCCCCCCCCCCCCCCCC	NM:i:0	MD:Z:75	AS:i:75	XS:i:75	"XA:Z:mini1,+1001003,75M,0;"
seq5	0	mini1	5	0	75M	*	0	0	TATGGACCTCTCTAGCAAGCATGTGACTCAAATGGTGGGCCAATATACGTCCTCCTTGCTTGAAAACGTGGGCGC	CCCCCCCCCCCCCCCCCCCCCCCCCCCCCCCCCCCCCCCCCCCCCCCCCCCCCCCCCCCCCCCCCCCCCCCCCCC	NM:i:0	MD:Z:75	AS:i:75	XS:i:75	"XA:Z:mini1,+1001005,75M,0;"
seq7	0	mini1	7	0	75M	*	0	0	TGGACCTCTCTAGCAAGCATGTGACTCAAATGGTGGGCCAATATACGTCCTCCTTGCTTGAAAACGTGGGCGCTA	CCCCCCCCCCCCCCCCCCCCCCCCCCCCCCCCCCCCCCCCCCCCCCCCCCCCCCCCCCCCCCCCCCCCCCCCCCC	NM:i:0	MD:Z:75	AS:i:75	XS:i:75	"XA:Z:mini1,+1001007,75M,0;"
seq10	0	mini1	10	0	75M	*	0	0	ACCTCTCTAGCAAGCATGTGACTCAAATGGTGGGCCAATATACGTCCTCCTTGCTTGAAAACGTGGGCGCTAATC	CCCCCCCCCCCCCCCCCCCCCCCCCCCCCCCCCCCCCCCCCCCCCCCCCCCCCCCCCCCCCCCCCCCCCCCCCCC	NM:i:0	MD:Z:75	AS:i:75	XS:i:75	"XA:Z:mini1,+1001010,75M,0;"
seq11	0	mini1	11	0	75M	*	0	0	CCTCTCTAGCAAGCATGTGACTCAAATGGTGGGCCAATATACGTCCTCCTTGCTTGAAAACGTGGGCGCTAATCC	CCCCCCCCCCCCCCCCCCCCCCCCCCCCCCCCCCCCCCCCCCCCCCCCCCCCCCCCCCCCCCCCCCCCCCCCCCC	NM:i:0	MD:Z:75	AS:i:75	XS:i:75	"XA:Z:mini1,+1001011,75M,0;"
seq13	0	mini1	13	0	75M	*	0	0	TCTCTAGCAAGCATGTGACTCAAATGGTGGGCCAATATACGTCCTCCTTGCTTGAAAACGTGGGCGCTAATCCAA	CCCCCCCCCCCCCCCCCCCCCCCCCCCCCCCCCCCCCCCCCCCCCCCCCCCCCCCCCCCCCCCCCCCCCCCCCCC	NM:i:0	MD:Z:75	AS:i:75	XS:i:75	"XA:Z:mini1,+1001013,75M,0;"
seq14	0	mini1	14	0	75M	*	0	0	CTCTAGCAAGCATGTGACTCAAATGGTGGGCCAATATACGTCCTCCTTGCTTGAAAACGTGGGCGCTAATCCAAG	CCCCCCCCCCCCCCCCCCCCCCCCCCCCCCCCCCCCCCCCCCCCCCCCCCCCCCCCCCCCCCCCCCCCCCCCCCC	NM:i:0	MD:Z:75	AS:i:75	XS:i:75	"XA:Z:mini1,+1001014,75M,0;"
seq18	0	mini1	18	0	75M	*	0	0	AGCAAGCATGTGACTCAAATGGTGGGCCAATATACGTCCTCCTTGCTTGAAAACGTGGGCGCTAATCCAAGTGTA	CCCCCCCCCCCCCCCCCCCCCCCCCCCCCCCCCCCCCCCCCCCCCCCCCCCCCCCCCCCCCCCCCCCCCCCCCCC	NM:i:0	MD:Z:75	AS:i:75	XS:i:75	"XA:Z:mini1,+1001018,75M,0;"
seq20	0	mini1	20	0	75M	*	0	0	CAAGCATGTGACTCAAATGGTGGGCCAATATACGTCCTCCTTGCTTGAAAACGTGGGCGCTAATCCAAGTGTATC	CCCCCCCCCCCCCCCCCCCCCCCCCCCCCCCCCCCCCCCCCCCCCCCCCCCCCCCCCCCCCCCCCCCCCCCCCCC	NM:i:0	MD:Z:75	AS:i:75	XS:i:75	"XA:Z:mini1,+1001020,75M,0;"
seq22	0	mini1	22	0	75M	*	0	0	AGCATGTGACTCAAATGGTGGGCCAATATACGTCCTCCTTGCTTGAAAACGTGGGCGCTAATCCAAGTGTATCCA	CCCCCCCCCCCCCCCCCCCCCCCCCCCCCCCCCCCCCCCCCCCCCCCCCCCCCCCCCCCCCCCCCCCCCCCCCCC	NM:i:0	MD:Z:75	AS:i:75	XS:i:75	"XA:Z:mini1,+1001022,75M,0;"
seq23	0	mini1	23	0	75M	*	0	0	GCATGTGACTCAAATGGTGGGCCAATATACGTCCTCCTTGCTTGAAAACGTGGGCGCTAATCCAAGTGTATCCAA	CCCCCCCCCCCCCCCCCCCCCCCCCCCCCCCCCCCCCCCCCCCCCCCCCCCCCCCCCCCCCCCCCCCCCCCCCCC	NM:i:0	MD:Z:75	AS:i:75	XS:i:75	"XA:Z:mini1,+1001023,75M,0;"
seq24	0	mini1	24	0	75M	*	0	0	CATGTGACTCAAATGGTGGGCCAATATACGTCCTCCTTGCTTGAAAACGTGGGCGCTAATCCAAGTGTATCCAAA	CCCCCCCCCCCCCCCCCCCCCCCCCCCCCCCCCCCCCCCCCCCCCCCCCCCCCCCCCCCCCCCCCCCCCCCCCCC	NM:i:0	MD:Z:75	AS:i:75	XS:i:75	"XA:Z:mini1,+1001024,75M,0;"
seq29	0	mini1	29	0	75M	*	0	0	GACTCAAATGGTGGGCCAATATACGTCCTCCTTGCTTGAAAACGTGGGCGCTAATCCAAGTGTATCCAAACAATG	CCCCCCCCCCCCCCCCCCCCCCCCCCCCCCCCCCCCCCCCCCCCCCCCCCCCCCCCCCCCCCCCCCCCCCCCCCC	NM:i:0	MD:Z:75	AS:i:75	XS:i:75	"XA:Z:mini1,+1001029,75M,0;"
seq30	0	mini1	30	0	75M	*	0	0	ACTCAAATGGTGGGCCAATATACGTCCTCCTTGCTTGAAAACGTGGGCGCTAATCCAAGTGTATCCAAACAATGA	CCCCCCCCCCCCCCCCCCCCCCCCCCCCCCCCCCCCCCCCCCCCCCCCCCCCCCCCCCCCCCCCCCCCCCCCCCC	NM:i:0	MD:Z:75	AS:i:75	XS:i:75	"XA:Z:mini1,+1001030,75M,0;"
seq31	0	mini1	31	0	75M	*	0	0	CTCAAATGGTGGGCCAATATACGTCCTCCTTGCTTGAAAACGTGGGCGCTAATCCAAGTGTATCCAAACAATGAA	CCCCCCCCCCCCCCCCCCCCCCCCCCCCCCCCCCCCCCCCCCCCCCCCCCCCCCCCCCCCCCCCCCCCCCCCCCC	NM:i:0	MD:Z:75	AS:i:75	XS:i:75	"XA:Z:mini1,+1001031,75M,0;"
seq35	0	mini1	35	0	75M	*	0	0	AATGGTGGGCCAATATACGTCCTCCTTGCTTGAAAACGTGGGCGCTAATCCAAGTGTATCCAAACAATGAAGTAG	CCCCCCCCCCCCCCCCCCCCCCCCCCCCCCCCCCCCCCCCCCCCCCCCCCCCCCCCCCCCCCCCCCCCCCCCCCC	NM:i:0	MD:Z:75	AS:i:75	XS:i:75	"XA:Z:mini1,+1001035,75M,0;"
seq37	0	mini1	37	0	75M	*	0	0	TGGTGGGCCAATATACGTCCTCCTTGCTTGAAAACGTGGGCGCTAATCCAAGTGTATCCAAACAATGAAGTAGTG	CCCCCCCCCCCCCCCCCCCCCCCCCCCCCCCCCCCCCCCCCCCCCCCCCCCCCCCCCCCCCCCCCCCCCCCCCCC	NM:i:0	MD:Z:75	AS:i:75	XS:i:75	"XA:Z:mini1,+1001037,75M,0;"
seq38	0	mini1	38	0	75M	*	0	0	GGTGGGCCAATATACGTCCTCCTTGCTTGAAAACGTGGGCGCTAATCCAAGTGTATCCAAACAATGAAGTAGTGG	CCCCCCCCCCCCCCCCCCCCCCCCCCCCCCCCCCCCCCCCCCCCCCCCCCCCCCCCCCCCCCCCCCCCCCCCCCC	NM:i:0	MD:Z:75	AS:i:75	XS:i:75	"XA:Z:mini1,+1001038,75M,0;"
seq40	0	mini1	40	0	75M	*	0	0	TGGGCCAATATACGTCCTCCTTGCTTGAAAACGTGGGCGCTAATCCAAGTGTATCCAAACAATGAAGTAGTGGAG	CCCCCCCCCCCCCCCCCCCCCCCCCCCCCCCCCCCCCCCCCCCCCCCCCCCCCCCCCCCCCCCCCCCCCCCCCCC	NM:i:0	MD:Z:75	AS:i:75	XS:i:75	"XA:Z:mini1,+1001040,75M,0;"
seq41	0	mini1	41	0	75M	*	0	0	GGGCCAATATACGTCCTCCTTGCTTGAAAACGTGGGCGCTAATCCAAGTGTATCCAAACAATGAAGTAGTGGAGT	CCCCCCCCCCCCCCCCCCCCCCCCCCCCCCCCCCCCCCCCCCCCCCCCCCCCCCCCCCCCCCCCCCCCCCCCCCC	NM:i:0	MD:Z:75	AS:i:75	XS:i:75	"XA:Z:mini1,+1001041,75M,0;"
seq44	0	mini1	44	0	75M	*	0	0	CCAATATACGTCCTCCTTGCTTGAAAACGTGGGCGCTAATCCAAGTGTATCCAAACAATGAAGTAGTGGAGTGAC	CCCCCCCCCCCCCCCCCCCCCCCCCCCCCCCCCCCCCCCCCCCCCCCCCCCCCCCCCCCCCCCCCCCCCCCCCCC	NM:i:0	MD:Z:75	AS:i:75	XS:i:75	"XA:Z:mini1,+1001044,75M,0;"
seq47	0	mini1	47	0	75M	*	0	0	ATATACGTCCTCCTTGCTTGAAAACGTGGGCGCTAATCCAAGTGTATCCAAACAATGAAGTAGTGGAGTGACTCG	CCCCCCCCCCCCCCCCCCCCCCCCCCCCCCCCCCCCCCCCCCCCCCCCCCCCCCCCCCCCCCCCCCCCCCCCCCC	NM:i:0	MD:Z:75	AS:i:75	XS:i:75	"XA:Z:mini1,+1001047,75M,0;"
seq48	0	mini1	48	0	75M	*	0	0	TATACGTCCTCCTTGCTTGAAAACGTGGGCGCTAATCCAAGTGTATCCAAACAATGAAGTAGTGGAGTGACTCGT	CCCCCCCCCCCCCCCCCCCCCCCCCCCCCCCCCCCCCCCCCCCCCCCCCCCCCCCCCCCCCCCCCCCCCCCCCCC	NM:i:0	MD:Z:75	AS:i:75	XS:i:75	"XA:Z:mini1,+1001048,75M,0;"
seq50	0	mini1	50	0	75M	*	0	0	TACGTCCTCCTTGCTTGAAAACGTGGGCGCTAATCCAAGTGTATCCAAACAATGAAGTAGTGGAGTGACTCGTTA	CCCCCCCCCCCCCCCCCCCCCCCCCCCCCCCCCCCCCCCCCCCCCCCCCCCCCCCCCCCCCCCCCCCCCCCCCCC	NM:i:0	MD:Z:75	AS:i:75	XS:i:75	"XA:Z:mini1,+1001050,75M,0;"
seq52	0	mini1	52	0	75M	*	0	0	CGTCCTCCTTGCTTGAAAACGTGGGCGCTAATCCAAGTGTATCCAAACAATGAAGTAGTGGAGTGACTCGTTAAG	CCCCCCCCCCCCCCCCCCCCCCCCCCCCCCCCCCCCCCCCCCCCCCCCCCCCCCCCCCCCCCCCCCCCCCCCCCC	NM:i:0	MD:Z:75	AS:i:75	XS:i:75	"XA:Z:mini1,+1001052,75M,0;"
seq55	0	mini1	55	0	75M	*	0	0	CCTCCTTGCTTGAAAACGTGGGCGCTAATCCAAGTGTATCCAAACAATGAAGTAGTGGAGTGACTCGTTAAGGCG	CCCCCCCCCCCCCCCCCCCCCCCCCCCCCCCCCCCCCCCCCCCCCCCCCCCCCCCCCCCCCCCCCCCCCCCCCCC	NM:i:0	MD:Z:75	AS:i:75	XS:i:75	"XA:Z:mini1,+1001055,75M,0;"
seq57	0	mini1	57	0	75M	*	0	0	TCCTTGCTTGAAAACGTGGGCGCTAATCCAAGTGTATCCAAACAATGAAGTAGTGGAGTGACTCGTTAAGGCGTC	CCCCCCCCCCCCCCCCCCCCCCCCCCCCCCCCCCCCCCCCCCCCCCCCCCCCCCCCCCCCCCCCCCCCCCCCCCC	NM:i:0	MD:Z:75	AS:i:75	XS:i:75	"XA:Z:mini1,+1001057,75M,0;"
seq58	0	mini1	58	0	75M	*	0	0	CCTTGCTTGAAAACGTGGGCGCTAATCCAAGTGTATCCAAACAATGAAGTAGTGGAGTGACTCGTTAAGGCGTCT	CCCCCCCCCCCCCCCCCCCCCCCCCCCCCCCCCCCCCCCCCCCCCCCCCCCCCCCCCCCCCCCCCCCCCCCCCCC	NM:i:0	MD:Z:75	AS:i:75	XS:i:75	"XA:Z:mini1,+1001058,75M,0;"
seq60	0	mini1	60	0	75M	*	0	0	TTGCTTGAAAACGTGGGCGCTAATCCAAGTGTATCCAAACAATGAAGTAGTGGAGTGACTCGTTAAGGCGTCTGA	CCCCCCCCCCCCCCCCCCCCCCCCCCCCCCCCCCCCCCCCCCCCCCCCCCCCCCCCCCCCCCCCCCCCCCCCCCC	NM:i:0	MD:Z:75	AS:i:75	XS:i:75	"XA:Z:mini1,+1001060,75M,0;"
seq62	0	mini1	62	0	75M	*	0	0	GCTTGAAAACGTGGGCGCTAATCCAAGTGTATCCAAACAATGAAGTAGTGGAGTGACTCGTTAAGGCGTCTGACG	CCCCCCCCCCCCCCCCCCCCCCCCCCCCCCCCCCCCCCCCCCCCCCCCCCCCCCCCCCCCCCCCCCCCCCCCCCC	NM:i:0	MD:Z:75	AS:i:75	XS:i:75	"XA:Z:mini1,+1001062,75M,0;"
seq65	0	mini1	65	0	75M	*	0	0	TGAAAACGTGGGCGCTAATCCAAGTGTATCCAAACAATGAAGTAGTGGAGTGACTCGTTAAGGCGTCTGACGGGC	CCCCCCCCCCCCCCCCCCCCCCCCCCCCCCCCCCCCCCCCCCCCCCCCCCCCCCCCCCCCCCCCCCCCCCCCCCC	NM:i:0	MD:Z:75	AS:i:75	XS:i:75	"XA:Z:mini1,+1001065,75M,0;"
seq67	0	mini1	67	0	75M	*	0	0	AAAACGTGGGCGCTAATCCAAGTGTATCCAAACAATGAAGTAGTGGAGTGACTCGTTAAGGCGTCTGACGGGCAG	CCCCCCCCCCCCCCCCCCCCCCCCCCCCCCCCCCCCCCCCCCCCCCCCCCCCCCCCCCCCCCCCCCCCCCCCCCC	NM:i:0	MD:Z:75	AS:i:75	XS:i:75	"XA:Z:mini1,+1001067,75M,0;"
seq68	0	mini1	68	0	75M	*	0	0	AAACGTGGGCGCTAATCCAAGTGTATCCAAACAATGAAGTAGTGGAGTGACTCGTTAAGGCGTCTGACGGGCAGA	CCCCCCCCCCCCCCCCCCCCCCCCCCCCCCCCCCCCCCCCCCCCCCCCCCCCCCCCCCCCCCCCCCCCCCCCCCC	NM:i:0	MD:Z:75	AS:i:75	XS:i:75	"XA:Z:mini1,+1001068,75M,0;"
seq72	0	mini1	72	0	75M	*	0	0	GTGGGCGCTAATCCAAGTGTATCCAAACAATGAAGTAGTGGAGTGACTCGTTAAGGCGTCTGACGGGCAGATTTT	CCCCCCCCCCCCCCCCCCCCCCCCCCCCCCCCCCCCCCCCCCCCCCCCCCCCCCCCCCCCCCCCCCCCCCCCCCC	NM:i:0	MD:Z:75	AS:i:75	XS:i:75	"XA:Z:mini1,+1001072,75M,0;"
seq74	0	mini1	74	0	75M	*	0	0	GGGCGCTAATCCAAGTGTATCCAAACAATGAAGTAGTGGAGTGACTCGTTAAGGCGTCTGACGGGCAGATTTTTG	CCCCCCCCCCCCCCCCCCCCCCCCCCCCCCCCCCCCCCCCCCCCCCCCCCCCCCCCCCCCCCCCCCCCCCCCCCC	NM:i:0	MD:Z:75	AS:i:75	XS:i:75	"XA:Z:mini1,+1001074,75M,0;"
seq75	0	mini1	75	0	75M	*	0	0	GGCGCTAATCCAAGTGTATCCAAACAATGAAGTAGTGGAGTGACTCGTTAAGGCGTCTGACGGGCAGATTTTTGA	CCCCCCCCCCCCCCCCCCCCCCCCCCCCCCCCCCCCCCCCCCCCCCCCCCCCCCCCCCCCCCCCCCCCCCCCCCC	NM:i:0	MD:Z:75	AS:i:75	XS:i:75	"XA:Z:mini1,+1001075,75M,0;"
seq77	0	mini1	77	0	75M	*	0	0	CGCTAATCCAAGTGTATCCAAACAATGAAGTAGTGGAGTGACTCGTTAAGGCGTCTGACGGGCAGATTTTTGAAT	CCCCCCCCCCCCCCCCCCCCCCCCCCCCCCCCCCCCCCCCCCCCCCCCCCCCCCCCCCCCCCCCCCCCCCCCCCC	NM:i:0	MD:Z:75	AS:i:75	XS:i:75	"XA:Z:mini1,+1001077,75M,0;"
seq80	0	mini1	80	0	75M	*	0	0	TAATCCAAGTGTATCCAAACAATGAAGTAGTGGAGTGACTCGTTAAGGCGTCTGACGGGCAGATTTTTGAATTTG	CCCCCCCCCCCCCCCCCCCCCCCCCCCCCCCCCCCCCCCCCCCCCCCCCCCCCCCCCCCCCCCCCCCCCCCCCCC	NM:i:0	MD:Z:75	AS:i:75	XS:i:75	"XA:Z:mini1,+1001080,75M,0;"
seq82	0	mini1	82	0	75M	*	0	0	ATCCAAGTGTATCCAAACAATGAAGTAGTGGAGTGACTCGTTAAGGCGTCTGACGGGCAGATTTTTGAATTTGCC	CCCCCCCCCCCCCCCCCCCCCCCCCCCCCCCCCCCCCCCCCCCCCCCCCCCCCCCCCCCCCCCCCCCCCCCCCCC	NM:i:0	MD:Z:75	AS:i:75	XS:i:75	"XA:Z:mini1,+1001082,75M,0;"
seq83	0	mini1	83	0	75M	*	0	0	TCCAAGTGTATCCAAACAATGAAGTAGTGGAGTGACTCGTTAAGGCGTCTGACGGGCAGATTTTTGAATTTGCCG	CCCCCCCCCCCCCCCCCCCCCCCCCCCCCCCCCCCCCCCCCCCCCCCCCCCCCCCCCCCCCCCCCCCCCCCCCCC	NM:i:0	MD:Z:75	AS:i:75	XS:i:75	"XA:Z:mini1,+1001083,75M,0;"
seq85	0	mini1	85	0	75M	*	0	0	CAAGTGTATCCAAACAATGAAGTAGTGGAGTGACTCGTTAAGGCGTCTGACGGGCAGATTTTTGAATTTGCCGAC	CCCCCCCCCCCCCCCCCCCCCCCCCCCCCCCCCCCCCCCCCCCCCCCCCCCCCCCCCCCCCCCCCCCCCCCCCCC	NM:i:0	MD:Z:75	AS:i:75	XS:i:75	"XA:Z:mini1,+1001085,75M,0;"
seq86	0	mini1	86	0	75M	*	0	0	AAGTGTATCCAAACAATGAAGTAGTGGAGTGACTCGTTAAGGCGTCTGACGGGCAGATTTTTGAATTTGCCGACT	CCCCCCCCCCCCCCCCCCCCCCCCCCCCCCCCCCCCCCCCCCCCCCCCCCCCCCCCCCCCCCCCCCCCCCCCCCC	NM:i:0	MD:Z:75	AS:i:75	XS:i:75	"XA:Z:mini1,+1001086,75M,0;"
seq89	0	mini1	89	0	75M	*	0	0	TGTATCCAAACAATGAAGTAGTGGAGTGACTCGTTAAGGCGTCTGACGGGCAGATTTTTGAATTTGCCGACTTTG	CCCCCCCCCCCCCCCCCCCCCCCCCCCCCCCCCCCCCCCCCCCCCCCCCCCCCCCCCCCCCCCCCCCCCCCCCCC	NM:i:0	MD:Z:75	AS:i:75	XS:i:75	"XA:Z:mini1,+1001089,75M,0;"
seq92	0	mini1	92	0	75M	*	0	0	ATCCAAACAATGAAGTAGTGGAGTGACTCGTTAAGGCGTCTGACGGGCAGATTTTTGAATTTGCCGACTTTGACA	CCCCCCCCCCCCCCCCCCCCCCCCCCCCCCCCCCCCCCCCCCCCCCCCCCCCCCCCCCCCCCCCCCCCCCCCCCC	NM:i:0	MD:Z:75	AS:i:75	XS:i:75	"XA:Z:mini1,+1001092,75M,0;"
seq93	0	mini1	93	0	75M	*	0	0	TCCAAACAATGAAGTAGTGGAGTGACTCGTTAAGGCGTCTGACGGGCAGATTTTTGAATTTGCCGACTTTGACAA	CCCCCCCCCCCCCCCCCCCCCCCCCCCCCCCCCCCCCCCCCCCCCCCCCCCCCCCCCCCCCCCCCCCCCCCCCCC	NM:i:0	MD:Z:75	AS:i:75	XS:i:75	"XA:Z:mini1,+1001093,75M,0;"
seq95	0	mini1	95	0	75M	*	0	0	CAAACAATGAAGTAGTGGAGTGACTCGTTAAGGCGTCTGACGGGCAGATTTTTGAATTTGCCGACTTTGACAAGA	CCCCCCCCCCCCCCCCCCCCCCCCCCCCCCCCCCCCCCCCCCCCCCCCCCCCCCCCCCCCCCCCCCCCCCCCCCC	NM:i:0	MD:Z:75	AS:i:75	XS:i:75	"XA:Z:mini1,+1001095,75M,0;"
seq97	0	mini1	97	0	75M	*	0	0	AACAATGAAGTAGTGGAGTGACTCGTTAAGGCGTCTGACGGGCAGATTTTTGAATTTGCCGACTTTGACAAGACT	CCCCCCCCCCCCCCCCCCCCCCCCCCCCCCCCCCCCCCCCCCCCCCCCCCCCCCCCCCCCCCCCCCCCCCCCCCC	NM:i:0	MD:Z:75	AS:i:75	XS:i:75	"XA:Z:mini1,+1001097,75M,0;"
seq100	0	mini1	100	0	75M	*	0	0	AATGAAGTAGTGGAGTGACTCGTTAAGGCGTCTGACGGGCAGATTTTTGAATTTGCCGACTTTGACAAGACTTAA	CCCCCCCCCCCCCCCCCCCCCCCCCCCCCCCCCCCCCCCCCCCCCCCCCCCCCCCCCCCCCCCCCCCCCCCCCCC	NM:i:0	MD:Z:75	AS:i:75	XS:i:75	"XA:Z:mini1,+1001100,75M,0;"
seq1	0	mini1	1001001	0	75M	*	0	0	GGGATATGGACCTCTCTAGCAAGCATGTGACTCAAATGGTGGGCCAATATACGTCCTCCTTGCTTGAAAACGTGG	CCCCCCCCCCCCCCCCCCCCCCCCCCCCCCCCCCCCCCCCCCCCCCCCCCCCCCCCCCCCCCCCCCCCCCCCCCC	NM:i:0	MD:Z:75	AS:i:75	XS:i:75	"XA:Z:mini1,+1,75M,0;"
seq4	0	mini1	1001004	0	75M	*	0	0	ATATGGACCTCTCTAGCAAGCATGTGACTCAAATGGTGGGCCAATATACGTCCTCCTTGCTTGAAAACGTGGGCG	CCCCCCCCCCCCCCCCCCCCCCCCCCCCCCCCCCCCCCCCCCCCCCCCCCCCCCCCCCCCCCCCCCCCCCCCCCC	NM:i:0	MD:Z:75	AS:i:75	XS:i:75	"XA:Z:mini1,+4,75M,0;"
seq6	0	mini1	1001006	0	75M	*	0	0	ATGGACCTCTCTAGCAAGCATGTGACTCAAATGGTGGGCCAATATACGTCCTCCTTGCTTGAAAACGTGGGCGCT	CCCCCCCCCCCCCCCCCCCCCCCCCCCCCCCCCCCCCCCCCCCCCCCCCCCCCCCCCCCCCCCCCCCCCCCCCCC	NM:i:0	MD:Z:75	AS:i:75	XS:i:75	"XA:Z:mini1,+6,75M,0;"
seq8	0	mini1	1001008	0	75M	*	0	0	GGACCTCTCTAGCAAGCATGTGACTCAAATGGTGGGCCAATATACGTCCTCCTTGCTTGAAAACGTGGGCGCTAA	CCCCCCCCCCCCCCCCCCCCCCCCCCCCCCCCCCCCCCCCCCCCCCCCCCCCCCCCCCCCCCCCCCCCCCCCCCC	NM:i:0	MD:Z:75	AS:i:75	XS:i:75	"XA:Z:mini1,+8,75M,0;"
seq9	0	mini1	1001009	0	75M	*	0	0	GACCTCTCTAGCAAGCATGTGACTCAAATGGTGGGCCAATATACGTCCTCCTTGCTTGAAAACGTGGGCGCTAAT	CCCCCCCCCCCCCCCCCCCCCCCCCCCCCCCCCCCCCCCCCCCCCCCCCCCCCCCCCCCCCCCCCCCCCCCCCCC	NM:i:0	MD:Z:75	AS:i:75	XS:i:75	"XA:Z:mini1,+9,75M,0;"
seq12	0	mini1	1001012	0	75M	*	0	0	CTCTCTAGCAAGCATGTGACTCAAATGGTGGGCCAATATACGTCCTCCTTGCTTGAAAACGTGGGCGCTAATCCA	CCCCCCCCCCCCCCCCCCCCCCCCCCCCCCCCCCCCCCCCCCCCCCCCCCCCCCCCCCCCCCCCCCCCCCCCCCC	NM:i:0	MD:Z:75	AS:i:75	XS:i:75	"XA:Z:mini1,+12,75M,0;"
seq15	0	mini1	1001015	0	75M	*	0	0	TCTAGCAAGCATGTGACTCAAATGGTGGGCCAATATACGTCCTCCTTGCTTGAAAACGTGGGCGCTAATCCAAGT	CCCCCCCCCCCCCCCCCCCCCCCCCCCCCCCCCCCCCCCCCCCCCCCCCCCCCCCCCCCCCCCCCCCCCCCCCCC	NM:i:0	MD:Z:75	AS:i:75	XS:i:75	"XA:Z:mini1,+15,75M,0;"
seq16	0	mini1	1001016	0	75M	*	0	0	CTAGCAAGCATGTGACTCAAATGGTGGGCCAATATACGTCCTCCTTGCTTGAAAACGTGGGCGCTAATCCAAGTG	CCCCCCCCCCCCCCCCCCCCCCCCCCCCCCCCCCCCCCCCCCCCCCCCCCCCCCCCCCCCCCCCCCCCCCCCCCC	NM:i:0	MD:Z:75	AS:i:75	XS:i:75	"XA:Z:mini1,+16,75M,0;"
seq17	0	mini1	1001017	0	75M	*	0	0	TAGCAAGCATGTGACTCAAATGGTGGGCCAATATACGTCCTCCTTGCTTGAAAACGTGGGCGCTAATCCAAGTGT	CCCCCCCCCCCCCCCCCCCCCCCCCCCCCCCCCCCCCCCCCCCCCCCCCCCCCCCCCCCCCCCCCCCCCCCCCCC	NM:i:0	MD:Z:75	AS:i:75	XS:i:75	"XA:Z:mini1,+17,75M,0;"
seq19	0	mini1	1001019	0	75M	*	0	0	GCAAGCATGTGACTCAAATGGTGGGCCAATATACGTCCTCCTTGCTTGAAAACGTGGGCGCTAATCCAAGTGTAT	CCCCCCCCCCCCCCCCCCCCCCCCCCCCCCCCCCCCCCCCCCCCCCCCCCCCCCCCCCCCCCCCCCCCCCCCCCC	NM:i:0	MD:Z:75	AS:i:75	XS:i:75	"XA:Z:mini1,+19,75M,0;"
seq21	0	mini1	1001021	0	75M	*	0	0	AAGCATGTGACTCAAATGGTGGGCCAATATACGTCCTCCTTGCTTGAAAACGTGGGCGCTAATCCAAGTGTATCC	CCCCCCCCCCCCCCCCCCCCCCCCCCCCCCCCCCCCCCCCCCCCCCCCCCCCCCCCCCCCCCCCCCCCCCCCCCC	NM:i:0	MD:Z:75	AS:i:75	XS:i:75	"XA:Z:mini1,+21,75M,0;"
seq25	0	mini1	1001025	0	75M	*	0	0	ATGTGACTCAAATGGTGGGCCAATATACGTCCTCCTTGCTTGAAAACGTGGGCGCTAATCCAAGTGTATCCAAAC	CCCCCCCCCCCCCCCCCCCCCCCCCCCCCCCCCCCCCCCCCCCCCCCCCCCCCCCCCCCCCCCCCCCCCCCCCCC	NM:i:0	MD:Z:75	AS:i:75	XS:i:75	"XA:Z:mini1,+25,75M,0;"
seq26	0	mini1	1001026	0	75M	*	0	0	TGTGACTCAAATGGTGGGCCAATATACGTCCTCCTTGCTTGAAAACGTGGGCGCTAATCCAAGTGTATCCAAACA	CCCCCCCCCCCCCCCCCCCCCCCCCCCCCCCCCCCCCCCCCCCCCCCCCCCCCCCCCCCCCCCCCCCCCCCCCCC	NM:i:0	MD:Z:75	AS:i:75	XS:i:75	"XA:Z:mini1,+26,75M,0;"
seq27	0	mini1	1001027	0	75M	*	0	0	GTGACTCAAATGGTGGGCCAATATACGTCCTCCTTGCTTGAAAACGTGGGCGCTAATCCAAGTGTATCCAAACAA	CCCCCCCCCCCCCCCCCCCCCCCCCCCCCCCCCCCCCCCCCCCCCCCCCCCCCCCCCCCCCCCCCCCCCCCCCCC	NM:i:0	MD:Z:75	AS:i:75	XS:i:75	"XA:Z:mini1,+27,75M,0;"
seq28	0	mini1	1001028	0	75M	*	0	0	TGACTCAAATGGTGGGCCAATATACGTCCTCCTTGCTTGAAAACGTGGGCGCTAATCCAAGTGTATCCAAACAAT	CCCCCCCCCCCCCCCCCCCCCCCCCCCCCCCCCCCCCCCCCCCCCCCCCCCCCCCCCCCCCCCCCCCCCCCCCCC	NM:i:0	MD:Z:75	AS:i:75	XS:i:75	"XA:Z:mini1,+28,75M,0;"
seq32	0	mini1	1001032	0	75M	*	0	0	TCAAATGGTGGGCCAATATACGTCCTCCTTGCTTGAAAACGTGGGCGCTAATCCAAGTGTATCCAAACAATGAAG	CCCCCCCCCCCCCCCCCCCCCCCCCCCCCCCCCCCCCCCCCCCCCCCCCCCCCCCCCCCCCCCCCCCCCCCCCCC	NM:i:0	MD:Z:75	AS:i:75	XS:i:75	"XA:Z:mini1,+32,75M,0;"
seq33	0	mini1	1001033	0	75M	*	0	0	CAAATGGTGGGCCAATATACGTCCTCCTTGCTTGAAAACGTGGGCGCTAATCCAAGTGTATCCAAACAATGAAGT	CCCCCCCCCCCCCCCCCCCCCCCCCCCCCCCCCCCCCCCCCCCCCCCCCCCCCCCCCCCCCCCCCCCCCCCCCCC	NM:i:0	MD:Z:75	AS:i:75	XS:i:75	"XA:Z:mini1,+33,75M,0;"
seq34	0	mini1	1001034	0	75M	*	0	0	AAATGGTGGGCCAATATACGTCCTCCTTGCTTGAAAACGTGGGCGCTAATCCAAGTGTATCCAAACAATGAAGTA	CCCCCCCCCCCCCCCCCCCCCCCCCCCCCCCCCCCCCCCCCCCCCCCCCCCCCCCCCCCCCCCCCCCCCCCCCCC	NM:i:0	MD:Z:75	AS:i:75	XS:i:75	"XA:Z:mini1,+34,75M,0;"
seq36	0	mini1	1001036	0	75M	*	0	0	ATGGTGGGCCAATATACGTCCTCCTTGCTTGAAAACGTGGGCGCTAATCCAAGTGTATCCAAACAATGAAGTAGT	CCCCCCCCCCCCCCCCCCCCCCCCCCCCCCCCCCCCCCCCCCCCCCCCCCCCCCCCCCCCCCCCCCCCCCCCCCC	NM:i:0	MD:Z:75	AS:i:75	XS:i:75	"XA:Z:mini1,+36,75M,0;"
seq39	0	mini1	1001039	0	75M	*	0	0	GTGGGCCAATATACGTCCTCCTTGCTTGAAAACGTGGGCGCTAATCCAAGTGTATCCAAACAATGAAGTAGTGGA	CCCCCCCCCCCCCCCCCCCCCCCCCCCCCCCCCCCCCCCCCCCCCCCCCCCCCCCCCCCCCCCCCCCCCCCCCCC	NM:i:0	MD:Z:75	AS:i:75	XS:i:75	"XA:Z:mini1,+39,75M,0;"
seq42	0	mini1	1001042	0	75M	*	0	0	GGCCAATATACGTCCTCCTTGCTTGAAAACGTGGGCGCTAATCCAAGTGTATCCAAACAATGAAGTAGTGGAGTG	CCCCCCCCCCCCCCCCCCCCCCCCCCCCCCCCCCCCCCCCCCCCCCCCCCCCCCCCCCCCCCCCCCCCCCCCCCC	NM:i:0	MD:Z:75	AS:i:75	XS:i:75	"XA:Z:mini1,+42,75M,0;"
seq43	0	mini1	1001043	0	75M	*	0	0	GCCAATATACGTCCTCCTTGCTTGAAAACGTGGGCGCTAATCCAAGTGTATCCAAACAATGAAGTAGTGGAGTGA	CCCCCCCCCCCCCCCCCCCCCCCCCCCCCCCCCCCCCCCCCCCCCCCCCCCCCCCCCCCCCCCCCCCCCCCCCCC	NM:i:0	MD:Z:75	AS:i:75	XS:i:75	"XA:Z:mini1,+43,75M,0;"
seq45	0	mini1	1001045	0	75M	*	0	0	CAATATACGTCCTCCTTGCTTGAAAACGTGGGCGCTAATCCAAGTGTATCCAAACAATGAAGTAGTGGAGTGACT	CCCCCCCCCCCCCCCCCCCCCCCCCCCCCCCCCCCCCCCCCCCCCCCCCCCCCCCCCCCCCCCCCCCCCCCCCCC	NM:i:0	MD:Z:75	AS:i:75	XS:i:75	"XA:Z:mini1,+45,75M,0;"
seq46	0	mini1	1001046	0	75M	*	0	0	AATATACGTCCTCCTTGCTTGAAAACGTGGGCGCTAATCCAAGTGTATCCAAACAATGAAGTAGTGGAGTGACTC	CCCCCCCCCCCCCCCCCCCCCCCCCCCCCCCCCCCCCCCCCCCCCCCCCCCCCCCCCCCCCCCCCCCCCCCCCCC	NM:i:0	MD:Z:75	AS:i:75	XS:i:75	"XA:Z:mini1,+46,75M,0;"
seq49	0	mini1	1001049	0	75M	*	0	0	ATACGTCCTCCTTGCTTGAAAACGTGGGCGCTAATCCAAGTGTATCCAAACAATGAAGTAGTGGAGTGACTCGTT	CCCCCCCCCCCCCCCCCCCCCCCCCCCCCCCCCCCCCCCCCCCCCCCCCCCCCCCCCCCCCCCCCCCCCCCCCCC	NM:i:0	MD:Z:75	AS:i:75	XS:i:75	"XA:Z:mini1,+49,75M,0;"
seq51	0	mini1	1001051	0	75M	*	0	0	ACGTCCTCCTTGCTTGAAAACGTGGGCGCTAATCCAAGTGTATCCAAACAATGAAGTAGTGGAGTGACTCGTTAA	CCCCCCCCCCCCCCCCCCCCCCCCCCCCCCCCCCCCCCCCCCCCCCCCCCCCCCCCCCCCCCCCCCCCCCCCCCC	NM:i:0	MD:Z:75	AS:i:75	XS:i:75	"XA:Z:mini1,+51,75M,0;"
seq53	0	mini1	1001053	0	75M	*	0	0	GTCCTCCTTGCTTGAAAACGTGGGCGCTAATCCAAGTGTATCCAAACAATGAAGTAGTGGAGTGACTCGTTAAGG	CCCCCCCCCCCCCCCCCCCCCCCCCCCCCCCCCCCCCCCCCCCCCCCCCCCCCCCCCCCCCCCCCCCCCCCCCCC	NM:i:0	MD:Z:75	AS:i:75	XS:i:75	"XA:Z:mini1,+53,75M,0;"
seq54	0	mini1	1001054	0	75M	*	0	0	TCCTCCTTGCTTGAAAACGTGGGCGCTAATCCAAGTGTATCCAAACAATGAAGTAGTGGAGTGACTCGTTAAGGC	CCCCCCCCCCCCCCCCCCCCCCCCCCCCCCCCCCCCCCCCCCCCCCCCCCCCCCCCCCCCCCCCCCCCCCCCCCC	NM:i:0	MD:Z:75	AS:i:75	XS:i:75	"XA:Z:mini1,+54,75M,0;"
seq56	0	mini1	1001056	0	75M	*	0	0	CTCCTTGCTTGAAAACGTGGGCGCTAATCCAAGTGTATCCAAACAATGAAGTAGTGGAGTGACTCGTTAAGGCGT	CCCCCCCCCCCCCCCCCCCCCCCCCCCCCCCCCCCCCCCCCCCCCCCCCCCCCCCCCCCCCCCCCCCCCCCCCCC	NM:i:0	MD:Z:75	AS:i:75	XS:i:75	"XA:Z:mini1,+56,75M,0;"
seq59	0	mini1	1001059	0	75M	*	0	0	CTTGCTTGAAAACGTGGGCGCTAATCCAAGTGTATCCAAACAATGAAGTAGTGGAGTGACTCGTTAAGGCGTCTG	CCCCCCCCCCCCCCCCCCCCCCCCCCCCCCCCCCCCCCCCCCCCCCCCCCCCCCCCCCCCCCCCCCCCCCCCCCC	NM:i:0	MD:Z:75	AS:i:75	XS:i:75	"XA:Z:mini1,+59,75M,0;"
seq61	0	mini1	1001061	0	75M	*	0	0	TGCTTGAAAACGTGGGCGCTAATCCAAGTGTATCCAAACAATGAAGTAGTGGAGTGACTCGTTAAGGCGTCTGAC	CCCCCCCCCCCCCCCCCCCCCCCCCCCCCCCCCCCCCCCCCCCCCCCCCCCCCCCCCCCCCCCCCCCCCCCCCCC	NM:i:0	MD:Z:75	AS:i:75	XS:i:75	"XA:Z:mini1,+61,75M,0;"
seq63	0	mini1	1001063	0	75M	*	0	0	CTTGAAAACGTGGGCGCTAATCCAAGTGTATCCAAACAATGAAGTAGTGGAGTGACTCGTTAAGGCGTCTGACGG	CCCCCCCCCCCCCCCCCCCCCCCCCCCCCCCCCCCCCCCCCCCCCCCCCCCCCCCCCCCCCCCCCCCCCCCCCCC	NM:i:0	MD:Z:75	AS:i:75	XS:i:75	"XA:Z:mini1,+63,75M,0;"
seq64	0	mini1	1001064	0	75M	*	0	0	TTGAAAACGTGGGCGCTAATCCAAGTGTATCCAAACAATGAAGTAGTGGAGTGACTCGTTAAGGCGTCTGACGGG	CCCCCCCCCCCCCCCCCCCCCCCCCCCCCCCCCCCCCCCCCCCCCCCCCCCCCCCCCCCCCCCCCCCCCCCCCCC	NM:i:0	MD:Z:75	AS:i:75	XS:i:75	"XA:Z:mini1,+64,75M,0;"
seq66	0	mini1	1001066	0	75M	*	0	0	GAAAACGTGGGCGCTAATCCAAGTGTATCCAAACAATGAAGTAGTGGAGTGACTCGTTAAGGCGTCTGACGGGCA	CCCCCCCCCCCCCCCCCCCCCCCCCCCCCCCCCCCCCCCCCCCCCCCCCCCCCCCCCCCCCCCCCCCCCCCCCCC	NM:i:0	MD:Z:75	AS:i:75	XS:i:75	"XA:Z:mini1,+66,75M,0;"
seq69	0	mini1	1001069	0	75M	*	0	0	AACGTGGGCGCTAATCCAAGTGTATCCAAACAATGAAGTAGTGGAGTGACTCGTTAAGGCGTCTGACGGGCAGAT	CCCCCCCCCCCCCCCCCCCCCCCCCCCCCCCCCCCCCCCCCCCCCCCCCCCCCCCCCCCCCCCCCCCCCCCCCCC	NM:i:0	MD:Z:75	AS:i:75	XS:i:75	"XA:Z:mini1,+69,75M,0;"
seq70	0	mini1	1001070	0	75M	*	0	0	ACGTGGGCGCTAATCCAAGTGTATCCAAACAATGAAGTAGTGGAGTGACTCGTTAAGGCGTCTGACGGGCAGATT	CCCCCCCCCCCCCCCCCCCCCCCCCCCCCCCCCCCCCCCCCCCCCCCCCCCCCCCCCCCCCCCCCCCCCCCCCCC	NM:i:0	MD:Z:75	AS:i:75	XS:i:75	"XA:Z:mini1,+70,75M,0;"
seq71	0	mini1	1001071	0	75M	*	0	0	CGTGGGCGCTAATCCAAGTGTATCCAAACAATGAAGTAGTGGAGTGACTCGTTAAGGCGTCTGACGGGCAGATTT	CCCCCCCCCCCCCCCCCCCCCCCCCCCCCCCCCCCCCCCCCCCCCCCCCCCCCCCCCCCCCCCCCCCCCCCCCCC	NM:i:0	MD:Z:75	AS:i:75	XS:i:75	"XA:Z:mini1,+71,75M,0;"
seq73	0	mini1	1001073	0	75M	*	0	0	TGGGCGCTAATCCAAGTGTATCCAAACAATGAAGTAGTGGAGTGACTCGTTAAGGCGTCTGACGGGCAGATTTTT	CCCCCCCCCCCCCCCCCCCCCCCCCCCCCCCCCCCCCCCCCCCCCCCCCCCCCCCCCCCCCCCCCCCCCCCCCCC	NM:i:0	MD:Z:75	AS:i:75	XS:i:75	"XA:Z:mini1,+73,75M,0;"
seq76	0	mini1	1001076	0	75M	*	0	0	GCGCTAATCCAAGTGTATCCAAACAATGAAGTAGTGGAGTGACTCGTTAAGGCGTCTGACGGGCAGATTTTTGAA	CCCCCCCCCCCCCCCCCCCCCCCCCCCCCCCCCCCCCCCCCCCCCCCCCCCCCCCCCCCCCCCCCCCCCCCCCCC	NM:i:0	MD:Z:75	AS:i:75	XS:i:75	"XA:Z:mini1,+76,75M,0;"
seq78	0	mini1	1001078	0	75M	*	0	0	GCTAATCCAAGTGTATCCAAACAATGAAGTAGTGGAGTGACTCGTTAAGGCGTCTGACGGGCAGATTTTTGAATT	CCCCCCCCCCCCCCCCCCCCCCCCCCCCCCCCCCCCCCCCCCCCCCCCCCCCCCCCCCCCCCCCCCCCCCCCCCC	NM:i:0	MD:Z:75	AS:i:75	XS:i:75	"XA:Z:mini1,+78,75M,0;"
seq79	0	mini1	1001079	0	75M	*	0	0	CTAATCCAAGTGTATCCAAACAATGAAGTAGTGGAGTGACTCGTTAAGGCGTCTGACGGGCAGATTTTTGAATTT	CCCCCCCCCCCCCCCCCCCCCCCCCCCCCCCCCCCCCCCCCCCCCCCCCCCCCCCCCCCCCCCCCCCCCCCCCCC	NM:i:0	MD:Z:75	AS:i:75	XS:i:75	"XA:Z:mini1,+79,75M,0;"
seq81	0	mini1	1001081	0	75M	*	0	0	AATCCAAGTGTATCCAAACAATGAAGTAGTGGAGTGACTCGTTAAGGCGTCTGACGGGCAGATTTTTGAATTTGC	CCCCCCCCCCCCCCCCCCCCCCCCCCCCCCCCCCCCCCCCCCCCCCCCCCCCCCCCCCCCCCCCCCCCCCCCCCC	NM:i:0	MD:Z:75	AS:i:75	XS:i:75	"XA:Z:mini1,+81,75M,0;"
seq84	0	mini1	1001084	0	75M	*	0	0	CCAAGTGTATCCAAACAATGAAGTAGTGGAGTGACTCGTTAAGGCGTCTGACGGGCAGATTTTTGAATTTGCCGA	CCCCCCCCCCCCCCCCCCCCCCCCCCCCCCCCCCCCCCCCCCCCCCCCCCCCCCCCCCCCCCCCCCCCCCCCCCC	NM:i:0	MD:Z:75	AS:i:75	XS:i:75	"XA:Z:mini1,+84,75M,0;"
seq87	0	mini1	1001087	0	75M	*	0	0	AGTGTATCCAAACAATGAAGTAGTGGAGTGACTCGTTAAGGCGTCTGACGGGCAGATTTTTGAATTTGCCGACTT	CCCCCCCCCCCCCCCCCCCCCCCCCCCCCCCCCCCCCCCCCCCCCCCCCCCCCCCCCCCCCCCCCCCCCCCCCCC	NM:i:0	MD:Z:75	AS:i:75	XS:i:75	"XA:Z:mini1,+87,75M,0;"
seq88	0	mini1	1001088	0	75M	*	0	0	GTGTATCCAAACAATGAAGTAGTGGAGTGACTCGTTAAGGCGTCTGACGGGCAGATTTTTGAATTTGCCGACTTT	CCCCCCCCCCCCCCCCCCCCCCCCCCCCCCCCCCCCCCCCCCCCCCCCCCCCCCCCCCCCCCCCCCCCCCCCCCC	NM:i:0	MD:Z:75	AS:i:75	XS:i:75	"XA:Z:mini1,+88,75M,0;"
seq90	0	mini1	1001090	0	75M	*	0	0	GTATCCAAACAATGAAGTAGTGGAGTGACTCGTTAAGGCGTCTGACGGGCAGATTTTTGAATTTGCCGACTTTGA	CCCCCCCCCCCCCCCCCCCCCCCCCCCCCCCCCCCCCCCCCCCCCCCCCCCCCCCCCCCCCCCCCCCCCCCCCCC	NM:i:0	MD:Z:75	AS:i:75	XS:i:75	"XA:Z:mini1,+90,75M,0;"
seq91	0	mini1	1001091	0	75M	*	0	0	TATCCAAACAATGAAGTAGTGGAGTGACTCGTTAAGGCGTCTGACGGGCAGATTTTTGAATTTGCCGACTTTGAC	CCCCCCCCCCCCCCCCCCCCCCCCCCCCCCCCCCCCCCCCCCCCCCCCCCCCCCCCCCCCCCCCCCCCCCCCCCC	NM:i:0	MD:Z:75	AS:i:75	XS:i:75	"XA:Z:mini1,+91,75M,0;"
seq94	0	mini1	1001094	0	75M	*	0	0	CCAAACAATGAAGTAGTGGAGTGACTCGTTAAGGCGTCTGACGGGCAGATTTTTGAATTTGCCGACTTTGACAAG	CCCCCCCCCCCCCCCCCCCCCCCCCCCCCCCCCCCCCCCCCCCCCCCCCCCCCCCCCCCCCCCCCCCCCCCCCCC	NM:i:0	MD:Z:75	AS:i:75	XS:i:75	"XA:Z:mini1,+94,75M,0;"
seq96	0	mini1	1001096	0	75M	*	0	0	AAACAATGAAGTAGTGGAGTGACTCGTTAAGGCGTCTGACGGGCAGATTTTTGAATTTGCCGACTTTGACAAGAC	CCCCCCCCCCCCCCCCCCCCCCCCCCCCCCCCCCCCCCCCCCCCCCCCCCCCCCCCCCCCCCCCCCCCCCCCCCC	NM:i:0	MD:Z:75	AS:i:75	XS:i:75	"XA:Z:mini1,+96,75M,0;"
seq98	0	mini1	1001098	0	75M	*	0	0	ACAATGAAGTAGTGGAGTGACTCGTTAAGGCGTCTGACGGGCAGATTTTTGAATTTGCCGACTTTGACAAGACTT	CCCCCCCCCCCCCCCCCCCCCCCCCCCCCCCCCCCCCCCCCCCCCCCCCCCCCCCCCCCCCCCCCCCCCCCCCCC	NM:i:0	MD:Z:75	AS:i:75	XS:i:75	"XA:Z:mini1,+98,75M,0;"
seq99	0	mini1	1001099	0	75M	*	0	0	CAATGAAGTAGTGGAGTGACTCGTTAAGGCGTCTGACGGGCAGATTTTTGAATTTGCCGACTTTGACAAGACTTA	CCCCCCCCCCCCCCCCCCCCCCCCCCCCCCCCCCCCCCCCCCCCCCCCCCCCCCCCCCCCCCCCCCCCCCCCCCC	NM:i:0	MD:Z:75	AS:i:75	XS:i:75	"XA:Z:mini1,+99,75M,0;"